{
  "Lizzie Stansfield": {
    "x": 367.49698880963734,
    "y": 223.48271953738208
  },
  "Sam Griffin": {
    "x": 165.92096616809442,
    "y": 101.84158772982028
  },
  "Oscar Shepherd": {
    "x": 418.4537672376095,
    "y": 45.887099173003016
  },
  "Alistair Thomas": {
    "x": 247.18202516014418,
    "y": 288.61359501228264
  },
  "Joe Hudd": {
    "x": 282.31939345378686,
    "y": 216.6960695421262
  },
  "Boyan Ivandjikov": {
    "x": 483.23106718372486,
    "y": 259.6049292486979
  },
  "Alex Wetherill": {
    "x": 453.5,
    "y": 139
  },
  "Jim Bailey": {
    "x": 287.531662710759,
    "y": 348.93870889652646
  },
  "Louis Morris": {
    "x": 164.40313584425718,
    "y": 248.15826111778443
  },
  "Lucy Haines": {
    "x": 224.675631034591,
    "y": 23.678056834959534
  },
  "Sarah Calvert": {
    "x": 69.51765648311218,
    "y": 186.96967039913932
  },
  "Imogen Pieters": {
    "x": 165.3322644421342,
    "y": 4.75
  },
  "Pippa Carcas": {
    "x": 373.6432589917706,
    "y": 108.80468866847698
  },
  "Jess Ensoll": {
    "x": 143.4845127716834,
    "y": 182.59624648368276
  },
  "Lizzie Horsler": {
    "x": 207.1952136164084,
    "y": 181.24008123480584
  },
  "Geogia Leadingham": {
    "x": 387.37542338644374,
    "y": 432.48672781991377
  },
  "Nea Shingler": {
    "x": 240.88400508870984,
    "y": 409.40557065839835
  },
  "Louise Adams": {
    "x": 393.4034943820518,
    "y": 333.6640537813612
  },
  "Izzy Cox": {
    "x": 182.70313898771872,
    "y": 332.19153575650444
  },
  "Jamie Goddard": {
    "x": 79.75,
    "y": 359.8901735460314
  },
  "Daisy McNamara": {
    "x": 137.715474474941,
    "y": 393.40557065839835
  },
  "David Bunn": {
    "x": 535.4272467385747,
    "y": 316.68951517094354
  },
  "Alice Goodall": {
    "x": 624.0388765604249,
    "y": 243.75475383872254
  },
  "Grace Pow": {
    "x": 555.4372310023412,
    "y": 194.55451251224477
  },
  "Niamh Carr": {
    "x": 589.8294003761546,
    "y": 407.43053604758256
  },
  "Chloe Cracknell": {
    "x": 293.5324166246492,
    "y": 56.00795676483446
  },
  "Alex Carcas": {
    "x": 393.8477649544031,
    "y": 389.92838328781744
  },
  "Frank Townley": {
    "x": 109.75153938319667,
    "y": 273.31683284646454
  },
  "Finn Lydon": {
    "x": -13.25,
    "y": 173.25860860685373
  },
  "Felix Wilson": {
    "x": 71.08802150876215,
    "y": 81.34582408750742
  },
  "Niamh Hunter": {
    "x": -0.49820217615703655,
    "y": 247.44613898143677
  },
  "Rachael Collins": {
    "x": 50.30778530454646,
    "y": 312.073590208229
  },
  "Alison Bell": {
    "x": 534.1235002092017,
    "y": 102.4969898454414
  }
}