{
  "Lizzie Stansfield": {
    "x": -308.2784598188168,
    "y": 22.260870484358602
  },
  "Sam Griffin": {
    "x": -603.5187827815123,
    "y": 250.75516340385806
  },
  "Oscar Shepherd": {
    "x": -345.47229596440144,
    "y": 231.1302923883886
  },
  "Alistair Thomas": {
    "x": 4.841382732580065,
    "y": 327.651004420823
  },
  "Joe Hudd": {
    "x": -152.98174637394746,
    "y": -111.77335989094993
  },
  "Boyan Ivandjikov": {
    "x": -487.0653892211888,
    "y": 278.467523658102
  },
  "Alex Wetherill": {
    "x": -80.57337898496378,
    "y": 85.64819693680676
  },
  "Jim Bailey": {
    "x": -253.2184218779846,
    "y": 276.5097988051596
  },
  "Louis Morris": {
    "x": -287.9378673007946,
    "y": 512.9006696684663
  },
  "Lucy Haines": {
    "x": -312.2194506452293,
    "y": 611.325264800976
  },
  "Sarah Calvert": {
    "x": -55.636539997623636,
    "y": 552.5416398096112
  },
  "Imogen Pieters": {
    "x": -666.855570740995,
    "y": 351.9749907228577
  },
  "Pippa Carcas": {
    "x": -401.3263022730155,
    "y": -19.328308663441092
  },
  "Harry Henriksen": {
    "x": -792.2291970915043,
    "y": 464.90225406609875
  },
  "Jess Ensoll": {
    "x": -626.1535487446337,
    "y": 438.87087639253133
  },
  "Lizzie Horsler": {
    "x": -509.1309018466068,
    "y": -176.39584494986627
  },
  "Georgia Leadingham": {
    "x": -134.60061501417556,
    "y": 353.4878141839473
  },
  "Nea Shingler": {
    "x": -626.1613392878859,
    "y": 385.8461885898163
  },
  "Louise Adams": {
    "x": -98.05395404874355,
    "y": 485.2409211475615
  },
  "Izzy Cox": {
    "x": -150.82579698106466,
    "y": 106.42682843829509
  },
  "Jamie Goddard": {
    "x": -107.3611354358632,
    "y": -183.36050158046567
  },
  "Daisy McNamara": {
    "x": -190.86497943403208,
    "y": -146.14646805781666
  },
  "David Bunn": {
    "x": 258.1557753898926,
    "y": 349.21525930992277
  },
  "Alice Goodall": {
    "x": 627.5434754113584,
    "y": 348.5841101435079
  },
  "Grace Pow": {
    "x": 5.151583432430099,
    "y": 223.4153621056116
  },
  "Niamh Carr": {
    "x": 390.5425381601187,
    "y": 69.82514504222559
  },
  "Chloe Cracknell": {
    "x": 81.1764930642108,
    "y": 189.5274807427834
  },
  "Alex Carcas": {
    "x": -16.776911140543735,
    "y": 877.3099456701169
  },
  "Frank Townley": {
    "x": 5.589667210684098,
    "y": 495.61845757236256
  },
  "Finn Lydon": {
    "x": 214.05299112656024,
    "y": 467.2566453207222
  },
  "Felix Wilson": {
    "x": 0.4220696861433719,
    "y": 593.5189493704675
  },
  "Dan Spencer": {
    "x": 428.92541182880905,
    "y": 576.9310649459791
  },
  "Niamh Hunter": {
    "x": 238.96228992731898,
    "y": 145.79476749465584
  },
  "Rachael Collins": {
    "x": -92.30137853760849,
    "y": 161.27693858821115
  },
  "Holly Stodgell": {
    "x": -210.35417104221614,
    "y": 388.13838503616273
  },
  "Alisson Bell": {
    "x": -210.7320692546042,
    "y": 81.09483171232908
  },
  "Emma Halliwell": {
    "x": -359.8073260352878,
    "y": 136.16745792758846
  },
  "Fiona Eades": {
    "x": -114.27296696024383,
    "y": 846.3265395500013
  },
  "Tom Perry": {
    "x": -323.4093608077503,
    "y": 771.1138743104838
  },
  "Joe Sunley": {
    "x": -213.54633022334497,
    "y": 872.9706514324982
  },
  "Charlotte Claire": {
    "x": 125.29079484549749,
    "y": 527.8865516524231
  },
  "Alasdair Pedley": {
    "x": 468.69355802470955,
    "y": 699.9175302629097
  },
  "Eddie Narbett": {
    "x": -129.02298415551488,
    "y": 695.7151342551924
  },
  "Sasha Chepelin": {
    "x": 29.571268114731758,
    "y": 631.9579792627067
  },
  "Freddie Carcas": {
    "x": 28.989735912040896,
    "y": 701.391197263402
  },
  "Grace Molloy": {
    "x": 98.4735973881583,
    "y": 640.0031375037299
  },
  "Tom Lines": {
    "x": 353.98551787269156,
    "y": 461.5055457827985
  },
  "Roanne Lilley": {
    "x": 68.64820986234874,
    "y": 805.6765700299313
  },
  "Claire Stansfield": {
    "x": 298.5782545615852,
    "y": 674.1276195963301
  },
  "Ellie Bales": {
    "x": 550.1017976991263,
    "y": 134.34917960570687
  },
  "Laura King": {
    "x": 175.55207269823256,
    "y": 782.9233140641566
  },
  "Dan O'Riordan": {
    "x": 12.30844506201824,
    "y": -23.518960604945644
  },
  "Maja Thomson": {
    "x": 79.02562163188415,
    "y": 7.317925664787804
  },
  "Euan Patton": {
    "x": 131.93019684251166,
    "y": 25.7394818384002
  },
  "Issy Sunley": {
    "x": 831.6845315454347,
    "y": 543.2189214396105
  },
  "Jason Gayman": {
    "x": 893.0294402509223,
    "y": 661.7095340274008
  },
  "Ben Gostick": {
    "x": 907.2792519131025,
    "y": 465.6129339377711
  },
  "Vladimir": {
    "x": 812.9043868043443,
    "y": 425.28577588054833
  },
  "Toby Cazzolato": {
    "x": 934.9978833747398,
    "y": 509.5135588106865
  },
  "Isla Calvert": {
    "x": 103.90837402560945,
    "y": 63.945627850469734
  },
  "Ben Goodwin": {
    "x": 724.9192664593136,
    "y": 489.6384992298891
  },
  "Alex Matthew": {
    "x": 748.448063737831,
    "y": 592.3747321020085
  },
  "Evie Conway": {
    "x": 86.76375151293846,
    "y": -309.2328955496387
  },
  "Pete Molloy": {
    "x": 460.02011585927517,
    "y": -285.5482309184007
  },
  "Ben Breeze": {
    "x": 2.7524714437466002,
    "y": -422.6562165098568
  },
  "Sam Fielding": {
    "x": -42.4963185988011,
    "y": -321.12867454271463
  },
  "Louis MacMillan": {
    "x": 279.365532121322,
    "y": -244.15793394811288
  },
  "Joe Wright": {
    "x": 457.7652912224605,
    "y": -54.65346976987436
  },
  "Heidi Robertshaw": {
    "x": 145.29683881236733,
    "y": -104.10815854153174
  },
  "Kirsty Campbell": {
    "x": 546.4098887677438,
    "y": 277.74322692704277
  },
  "Kat McGougan": {
    "x": 666.0472074994693,
    "y": 228.8057465187347
  },
  "Jenny Blackwood": {
    "x": 542.0067474406661,
    "y": -93.3226341543549
  },
  "Freya Shepherd": {
    "x": 573.5849459437605,
    "y": 543.3124101977675
  },
  "Matt Leitch": {
    "x": 344.77177285776406,
    "y": 249.39321873410097
  },
  "Matt Daly": {
    "x": 651.7220679599859,
    "y": 609.5230655717722
  },
  "Dan Barber": {
    "x": -242.69038199991903,
    "y": -198.80529875639965
  },
  "Thomas Laraia": {
    "x": 842.4274311496357,
    "y": 196.88101823009205
  },
  "Blayne Wright": {
    "x": 60.10463333196067,
    "y": -196.1715640650805
  },
  "Rob Sparks": {
    "x": 370.57414837857755,
    "y": 216.55164786925232
  },
  "Tallulah Wright": {
    "x": 451.52191389263817,
    "y": 148.9043947073526
  },
  "Ellen Crombie": {
    "x": 406.647015214332,
    "y": 271.15647637250885
  },
  "Alex Crawshaw": {
    "x": -464.23805272688224,
    "y": 610.3653953186949
  },
  "Herbie Ashworth": {
    "x": -485.53995515820185,
    "y": 764.8989467119692
  },
  "Ben Squire": {
    "x": -566.610219756185,
    "y": 641.6647646378576
  },
  "Barney Stevenson-Barnes": {
    "x": -374.03776997064585,
    "y": 630.894605935381
  },
  "Jakapo": {
    "x": -712.0725643378383,
    "y": 411.13413623502765
  },
  "Finlay Ross": {
    "x": -803.2254349301336,
    "y": 309.2607083988555
  },
  "Euan Tryner": {
    "x": -701.4226649642357,
    "y": 273.01249802084766
  },
  "Conor Gourley": {
    "x": -139.76772626815693,
    "y": 273.53711818454303
  },
  "Flurry": {
    "x": -502.6566253868272,
    "y": 28.35553973027394
  },
  "Hannah Mo": {
    "x": 17.016969166961392,
    "y": 273.26189483926004
  },
  "Rosie Spencer": {
    "x": -186.0171125197572,
    "y": -356.34491114031096
  },
  "Rimicans": {
    "x": -169.01460324228682,
    "y": -294.0231368559286
  },
  "Andrew Bunting": {
    "x": -144.84982381956345,
    "y": -221.6674514069648
  },
  "Alice Wilson": {
    "x": 384.1413085045467,
    "y": -240.8260272670238
  },
  "Iris McMillan": {
    "x": -606.7280358032641,
    "y": 724.4135898852046
  },
  "Luca Messenger-Jones": {
    "x": -419.65129217033126,
    "y": -300.463058577966
  },
  "Amelie Dryer": {
    "x": -378.0147492199385,
    "y": -248.285322011197
  },