{
  "Lizzie Stansfield": {
    "x": 324.49698880963734,
    "y": 245.48271953738208
  },
  "Sam Griffin": {
    "x": 174.42096616809442,
    "y": 39.841587729820276
  },
  "Oscar Shepherd": {
    "x": 359.9537687992175,
    "y": 73.38709745523414
  },
  "Alistair Thomas": {
    "x": 508.1820204406177,
    "y": 135.11359532460432
  },
  "Joe Hudd": {
    "x": 191.3193956747404,
    "y": 216.6960702014718
  },
  "Boyan Ivandjikov": {
    "x": 419.73106718372486,
    "y": 136.10492924869789
  },
  "Alex Wetherill": {
    "x": 364.5,
    "y": 293.5
  },
  "Jim Bailey": {
    "x": 280.031662710759,
    "y": 342.43870889652646
  },
  "Louis Morris": {
    "x": 153.4031363300908,
    "y": 272.15826085751644
  },
  "Lucy Haines": {
    "x": 329.175631034591,
    "y": -5.321943165040466
  },
  "Sarah Calvert": {
    "x": 49.01765648311218,
    "y": 133.96967039913932
  },
  "Imogen Pieters": {
    "x": 167.3322644421342,
    "y": -30.25
  },
  "Pippa Carcas": {
    "x": 299.6432610739147,
    "y": 143.30468788767297
  },
  "Jess Ensoll": {
    "x": 101.9845127716834,
    "y": 144.09624648368276
  },
  "Lizzie Horsler": {
    "x": 146.19521439721245,
    "y": 162.24008224117546
  },
  "Geogia Leadingham": {
    "x": 387.37542338644374,
    "y": 432.48672781991377
  },
  "Nea Shingler": {
    "x": 240.88400508870984,
    "y": 409.40557065839835
  },
  "Louise Adams": {
    "x": 393.9034943820518,
    "y": 341.6640537813612
  },
  "Izzy Cox": {
    "x": 202.20313813750988,
    "y": 348.69153540948037
  },
  "Jamie Goddard": {
    "x": 49.53771996866857,
    "y": 428.1990487209925
  },
  "Daisy McNamara": {
    "x": 96.715474474941,
    "y": 441.90557065839835
  },
  "David Bunn": {
    "x": 535.4272467385747,
    "y": 316.68951517094354
  },
  "Alice Goodall": {
    "x": 624.0388765604249,
    "y": 243.75475383872254
  },
  "Grace Pow": {
    "x": 555.4372310023412,
    "y": 194.55451251224477
  },
  "Niamh Carr": {
    "x": 589.8294003761546,
    "y": 407.43053604758256
  },
  "Chloe Cracknell": {
    "x": 293.5324166246492,
    "y": 56.00795676483446
  },
  "Alex Carcas": {
    "x": 393.8477649544031,
    "y": 389.92838328781744
  },
  "Frank Townley": {
    "x": 76.75153938319667,
    "y": 268.81683284646454
  },
  "Finn Lydon": {
    "x": 17.75,
    "y": 70.75860860685373
  },
  "Felix Wilson": {
    "x": 25.92135484209549,
    "y": -21.65417591249258
  },
  "Niamh Hunter": {
    "x": -33.99820217615704,
    "y": 294.4461389814368
  },
  "Rachael Collins": {
    "x": 21.807785304546456,
    "y": 345.073590208229
  },
  "Alison Bell": {
    "x": 430.12350350593,
    "y": 89.49699086916225
  },
  "Fiona Eades": {
    "x": 6,
    "y": 172
  },
  "Tom Perry": {
    "x": -28,
    "y": 107
  },
  "Joe Sunley": {
    "x": -80.5,
    "y": 158.5
  },
  "Charlotte Clare": {
    "x": -1.5,
    "y": 234.5
  },
  "Alistair Pedley": {
    "x": -77,
    "y": 210
  },
  "Eddie Narbett": {
    "x": 592,
    "y": 127
  },
  "Sasha Cheplin": {
    "x": 271,
    "y": -48.5
  },
  "Freddie Carcas": {
    "x": 323,
    "y": -50.5
  },
  "Grace Malloy": {
    "x": 526.5,
    "y": 59.5
  },
  "Tom Lines": {
    "x": 546,
    "y": 21
  },
  "Roanne Lilley": {
    "x": 662,
    "y": 168
  },
  "Claire Stansfield": {
    "x": 575.5,
    "y": -22.5
  },
  "Ellie Bailes": {
    "x": 477.5,
    "y": -1.5
  },
  "Laura King": {
    "x": 509,
    "y": -29.5
  }
}