{
  "Lizzie Stansfield": {
    "x": 290.49698880963734,
    "y": 173.98271953738208
  },
  "Sam Griffin": {
    "x": 216.42096616809442,
    "y": 92.84158772982028
  },
  "Oscar Shepherd": {
    "x": 351.9537687992175,
    "y": 73.88709745523414
  },
  "Alistair Thomas": {
    "x": 351.28968198852624,
    "y": 136.43123303563107
  },
  "Joe Hudd": {
    "x": 228.3193956747404,
    "y": 153.6960702014718
  },
  "Boyan Ivandjikov": {
    "x": 371.0116736472228,
    "y": 196.95552776656848
  },
  "Alex Weatheril": {
    "x": 248.14154817139956,
    "y": 232.19378720938028
  },
  "Jim Bailey": {
    "x": 258.531662710759,
    "y": 296.43870889652646
  },
  "Louis Morris": {
    "x": 181.9031363300908,
    "y": 221.15826085751647
  },
  "Lucy Haines": {
    "x": 273.675631034591,
    "y": 26.178056834959534
  },
  "Sarah Calvert": {
    "x": 105.01765648311218,
    "y": 139.96967039913932
  },
  "Imogen Pieters": {
    "x": 205.8322644421342,
    "y": 15.25
  },
  "Pippa Carcas": {
    "x": 290.04972558608205,
    "y": 111.3652625686617
  },
  "Jess Ensoll": {
    "x": 167.4845127716834,
    "y": 138.59624648368276
  },
  "Lizzie Horsler": {
    "x": 154.19521439721245,
    "y": 78.24008224117546
  },
  "Geogia Leadingham": {
    "x": 354.87542338644374,
    "y": 296.98672781991377
  },
  "Nea Shingler": {
    "x": 235.38400508870984,
    "y": 366.90557065839835
  },
  "Louise Adams": {
    "x": 309.4034943820518,
    "y": 235.6640537813612
  },
  "Izzy Cox": {
    "x": 194.20313813750988,
    "y": 294.19153540948037
  },
  "Jamie Goddard": {
    "x": 73.25,
    "y": 366.3901735460314
  },
  "Daisy McNamara": {
    "x": 129.215474474941,
    "y": 385.90557065839835
  },
  "David Bunn": {
    "x": 416.85725468420196,
    "y": 257.76421591200824
  },
  "Alice Goodall": {
    "x": 493.0388765604249,
    "y": 262.25475383872254
  },
  "Grace Pow": {
    "x": 445.70842009245507,
    "y": 189.28332342213082
  },
  "Niamh Carr": {
    "x": 456.3294003761546,
    "y": 328.43053604758256
  },
  "Chloe Cracknell": {
    "x": 116.0324166246492,
    "y": 210.00795676483446
  },
  "Alex Carcas": {
    "x": 309.3477649544031,
    "y": 360.92838328781744
  },
  "Frank Townley": {
    "x": 77.75153938319667,
    "y": 237.81683284646454
  },
  "Finn Lydon": {
    "x": 15.25,
    "y": 218.25860860685373
  },
  "Felix Wilson": {
    "x": 56.588021508762154,
    "y": 73.34582408750742
  },
  "Niamh Hunter": {
    "x": 44.50179782384296,
    "y": 155.44613898143677
  },
  "Rachael Collins": {
    "x": 56.80778530454646,
    "y": 311.573590208229
  }
}