{
  "Lizzie Stansfield": {
    "x": -305.70149242568914,
    "y": 32.56874005686953
  },
  "Sam Griffin": {
    "x": -561.5588521605536,
    "y": 296.97271418029
  },
  "Oscar Shepherd": {
    "x": -349.6389626310681,
    "y": 218.63029238838863
  },
  "Alistair Thomas": {
    "x": 21.446760098487026,
    "y": 329.3115421574137
  },
  "Joe Hudd": {
    "x": -174.51158357635285,
    "y": -78.29260613752678
  },
  "Boyan Ivandjikov": {
    "x": -499.00860433779377,
    "y": 282.4485953636369
  },
  "Alex Wetherill": {
    "x": -106.12991573892667,
    "y": 66.9191279581811
  },
  "Jim Bailey": {
    "x": -194.57044406834143,
    "y": 325.94166581614456
  },
  "Louis Morris": {
    "x": -338.0682200124087,
    "y": 469.61678046712456
  },
  "Lucy Haines": {
    "x": -312.2194506452293,
    "y": 611.325264800976
  },
  "Sarah Calvert": {
    "x": -46.77982835535753,
    "y": 553.5257188809741
  },
  "Imogen Pieters": {
    "x": -669.0957377954105,
    "y": 346.51284731178777
  },
  "Pippa Carcas": {
    "x": -453.0469338589107,
    "y": -20.553837050221773
  },
  "Harry Henriksen": {
    "x": -774.7124815871504,
    "y": 491.9735416637366
  },
  "Jess Ensoll": {
    "x": -627.6517568742162,
    "y": 481.37087639253133
  },
  "Lizzie Horsler": {
    "x": -509.1309018466068,
    "y": -176.39584494986627
  },
  "Georgia Leadingham": {
    "x": -134.60061501417556,
    "y": 353.4878141839473
  },
  "Nea Shingler": {
    "x": -123.25631706721903,
    "y": 307.5896996338075
  },
  "Louise Adams": {
    "x": -94.72062071541022,
    "y": 482.7409211475615
  },
  "Izzy Cox": {
    "x": -137.29416517846036,
    "y": 111.70428098039613
  },
  "Jamie Goddard": {
    "x": -18.473868170658463,
    "y": -31.117173381551883
  },
  "Daisy McNamara": {
    "x": -87.16332947541459,
    "y": -83.54000536449927
  },
  "David Bunn": {
    "x": 244.85750216532688,
    "y": 346.2643913423322
  },
  "Alice Goodall": {
    "x": 637.0051034283771,
    "y": 344.8031537550602
  },
  "Grace Pow": {
    "x": -1.551042602957693,
    "y": 234.30712941311674
  },
  "Niamh Carr": {
    "x": 390.5425381601187,
    "y": 69.82514504222559
  },
  "Chloe Cracknell": {
    "x": 106.3065457016325,
    "y": 185.00129017078365
  },
  "Alex Carcas": {
    "x": -2.610244473877069,
    "y": 905.6432790034503
  },
  "Frank Townley": {
    "x": 40.42112163359491,
    "y": 464.8004465642191
  },
  "Finn Lydon": {
    "x": 214.05299112656024,
    "y": 467.2566453207222
  },
  "Felix Wilson": {
    "x": 9.600077565914452,
    "y": 598.6178426370069
  },
  "Dan Spencer": {
    "x": 429.435301155463,
    "y": 593.7574127255593
  },
  "Niamh Hunter": {
    "x": 215.5030988034617,
    "y": 157.5243630565845
  },
  "Rachael Collins": {
    "x": -89.26584986674175,
    "y": 127.9700679720413
  },
  "Holly Stodgell": {
    "x": -212.02982755106308,
    "y": 380.59793074635144
  },
  "Alisson Bell": {
    "x": -290.32916745373717,
    "y": 186.91454826411703
  },
  "Emma Halliwell": {
    "x": -353.6242558712837,
    "y": 137.86654064686064
  },
  "Fiona Eades": {
    "x": -153.4396336269105,
    "y": 915.4932062166679
  },
  "Tom Perry": {
    "x": -349.90756893733294,
    "y": 853.4084560950317
  },
  "Joe Sunley": {
    "x": -171.50038456526522,
    "y": 993.8120881241471
  },
  "Charlotte Claire": {
    "x": 130.62486577553454,
    "y": 529.4047423501845
  },
  "Alasdair Pedley": {
    "x": 495.3602246913762,
    "y": 772.4175302629097
  },
  "Eddie Narbett": {
    "x": -108.18965082218153,
    "y": 695.7151342551924
  },
  "Sasha Chepelin": {
    "x": 39.769054647810734,
    "y": 631.4480899360527
  },
  "Freddie Carcas": {
    "x": 29.499625238694847,
    "y": 701.901086590056
  },
  "Grace Molloy": {
    "x": 98.4735973881583,
    "y": 640.0031375037299
  },
  "Tom Lines": {
    "x": 356.48551787269156,
    "y": 458.1722124494652
  },
  "Roanne Lilley": {
    "x": 68.64820986234874,
    "y": 805.6765700299313
  },
  "Claire Stansfield": {
    "x": 301.0782545615852,
    "y": 701.6276195963301
  },
  "Ellie Bales": {
    "x": 544.2408456359441,
    "y": 115.08337220919006
  },
  "Laura King": {
    "x": 175.55207269823256,
    "y": 782.9233140641566
  },
  "Valerie Ebony": {
    "x": -655.2275544233804,
    "y": 105.34702671641847
  },
  "Natalia Drozd": {
    "x": -777.6971751412544,
    "y": 132.1413171119629
  },
  "Issy Sunley": {
    "x": 831.6845315454347,
    "y": 543.2189214396105
  },
  "Jason Gayman": {
    "x": 892.1961069175888,
    "y": 650.0428673607339
  },
  "Ben Gostick": {
    "x": 971.772613542769,
    "y": 613.7088013836722
  },
  "Vladimir": {
    "x": 855.1037468830151,
    "y": 477.039708052503
  },
  "Toby Cazzolato": {
    "x": 934.9978833747398,
    "y": 509.5135588106865
  },
  "Liam Edwards": {
    "x": 563.9730139758512,
    "y": 181.78000829287384
  },
  "Ben Goodwin": {
    "x": 588.773837298182,
    "y": 435.9483558568508
  },
  "Alex Matthew": {
    "x": 728.1409261598837,
    "y": 641.3533759445354
  },
  "Evie Conway": {
    "x": 103.43041817960511,
    "y": -337.56622888297204
  },
  "Pete Molloy": {
    "x": 495.33763329130636,
    "y": -308.48376790720374
  },
  "Ben Breeze": {
    "x": 2.752471443746596,
    "y": -444.3228831765234
  },
  "Sam Fielding": {
    "x": -16.325338090096146,
    "y": -347.45725894153884
  },
  "Louis MacMillan": {
    "x": 165.19886545465536,
    "y": -423.32460061477957
  },
  "Joe Wright": {
    "x": 487.30504824581294,
    "y": -60.46271864619598
  },
  "Eilidh Campbell": {
    "x": 762.6255346931894,
    "y": -23.143758288982077
  },
  "Kirsty Campbell": {
    "x": 519.8579047824118,
    "y": 287.56799982577814
  },
  "Kat McGougan": {
    "x": 666.0472074994693,
    "y": 228.8057465187347
  },
  "Jenny Blackwood": {
    "x": 424.82212025347445,
    "y": -170.95212428448616
  },
  "Freya Shepherd": {
    "x": 565.5233193015083,
    "y": 544.0452853470631
  },
  "Matt Leitch": {
    "x": 341.8402722605814,
    "y": 249.39321873410097
  },
  "Matt Daly": {
    "x": 651.7220679599859,
    "y": 609.5230655717722
  },
  "Dan Barber": {
    "x": -240.17582835703172,
    "y": -168.6936103515347
  },
  "Thomas Laraia": {
    "x": 800.7916701224605,
    "y": 248.09832087709177
  },
  "Blayne Wright": {
    "x": 76.02337016600667,
    "y": -188.63110977526924
  },
  "Rob Sparks": {
    "x": 399.6276291867382,
    "y": 207.9587264204887
  },
  "Tallulah Wright": {
    "x": 448.373638154382,
    "y": 181.40285618805217
  },
  "Ellen Crombie": {
    "x": 406.647015214332,
    "y": 271.15647637250885
  },
  "Alex Crawshaw": {
    "x": -464.23805272688224,
    "y": 610.3653953186949
  },
  "Herbie Ashworth": {
    "x": -485.53995515820185,
    "y": 764.8989467119692
  },
  "Ben Squire": {
    "x": -560.7454219752207,
    "y": 727.9610748434753
  },
  "Barney Stevenson-Barnes": {
    "x": -398.20443663731254,
    "y": 598.457534830643
  },
  "Jakapo": {
    "x": -794.5216209859205,
    "y": 419.31576940312846
  },
  "Finlay Ross": {
    "x": -803.2254349301336,
    "y": 309.2607083988555
  },
  "Euan Tryner": {
    "x": -795.8017904293287,
    "y": 356.88132814056337
  },
  "Conor Gourley": {
    "x": -139.76772626815693,
    "y": 273.53711818454303
  },
  "Flurry": {
    "x": -482.76871195950355,
    "y": -89.02948916524616
  },
  "Hannah Mo": {
    "x": 20.453647770522096,
    "y": 285.2902699517225
  },
  "Rosie Spencer": {
    "x": -151.22805271253281,
    "y": -343.46007417467234
  },
  "Rimicans": {
    "x": -91.70558144845486,
    "y": -476.98782176799756
  },
  "C.I.T.P.A": {
    "x": -16.443135610752016,
    "y": -151.82148744464314
  },
  "Alice Wilson": {
    "x": 331.6413085045467,
    "y": -413.3260272670238
  },
  "Iris McMillan": {
    "x": -581.59318817056,
    "y": 834.1690912146797
  },
  "Luca Messenger-Jones": {
    "x": -419.65129217033126,
    "y": -300.463058577966
  },
  "Amelie Dryer": {
    "x": -378.0147492199385,
    "y": -248.285322011197
  },
  "Saskia Chaplin": {
    "x": -973.5996183268461,