{
  "Lizzie Stansfield": {
    "x": -266.70149242568914,
    "y": 33.56874005686953
  },
  "Sam Griffin": {
    "x": -561.5588521605536,
    "y": 296.97271418029
  },
  "Oscar Shepherd": {
    "x": -336.33074229342543,
    "y": 216.13500107508062
  },
  "Ali T": {
    "x": 2.455802436634883,
    "y": 322.57351682636073
  },
  "Joe Hudd": {
    "x": -210.51158357635285,
    "y": -57.292606137526775
  },
  "Boyan Ivandjikov": {
    "x": -499.00860433779377,
    "y": 282.4485953636369
  },
  "Wozzle": {
    "x": -64.09267987177472,
    "y": -105.61908462266194
  },
  "Jim Bailey": {
    "x": -194.57044406834143,
    "y": 325.94166581614456
  },
  "Louis Morris": {
    "x": -338.0682200124087,
    "y": 469.61678046712456
  },
  "Lucy Haines": {
    "x": -310.555923103024,
    "y": 611.3252648009761
  },
  "Sarah Calvert": {
    "x": -46.77982835535753,
    "y": 553.5257188809741
  },
  "Imogen Pieters": {
    "x": -633.3298956379957,
    "y": 414.7174765422068
  },
  "Pippa Carcas": {
    "x": -453.0469338589107,
    "y": -20.553837050221773
  },
  "Harry Henriksen": {
    "x": -896.1499921681401,
    "y": 312.31256710555965
  },
  "Jess Ensoll": {
    "x": -711.659897755586,
    "y": 314.1863584008945
  },
  "Lizzie Horsler": {
    "x": -509.1309018466068,
    "y": -176.39584494986627
  },
  "Georgia Leadingham": {
    "x": -134.60061501417556,
    "y": 353.4878141839473
  },
  "Nea Shingler": {
    "x": -123.25631706721903,
    "y": 307.5896996338075
  },
  "Louise Adams": {
    "x": -93.05709317320489,
    "y": 481.0773936053562
  },
  "Izzy Cox": {
    "x": -137.29416517846036,
    "y": 111.70428098039613
  },
  "Jamie Goddard": {
    "x": -1010.768047096145,
    "y": -20.304244357217158
  },
  "Daisy McNamara": {
    "x": -1008.757587857174,
    "y": -87.69882422001263
  },
  "David Bunn": {
    "x": 273.8575021653269,
    "y": 349.2643913423322
  },
  "Alice Goodall": {
    "x": 637.0051034283771,
    "y": 344.8031537550602
  },
  "Grace Pow": {
    "x": -29.65075419061182,
    "y": 220.47050999473802
  },
  "Niamh Carr": {
    "x": 375.5425381601187,
    "y": 53.825145042225586
  },
  "Chloe Cracknell": {
    "x": 106.3065457016325,
    "y": 185.00129017078365
  },
  "Alex Carcas": {
    "x": -2.610244473877069,
    "y": 905.6432790034503
  },
  "Frank Townley": {
    "x": 42.08464917580025,
    "y": 449.82869868437103
  },
  "Finn Lydon": {
    "x": 214.05299112656024,
    "y": 467.2566453207222
  },
  "Felix Wilson": {
    "x": 10.600077565914452,
    "y": 602.6178426370069
  },
  "Dan Spencer": {
    "x": 429.435301155463,
    "y": 593.7574127255593
  },
  "Niamh Hunter": {
    "x": 215.5030988034617,
    "y": 157.5243630565845
  },
  "Rachael Collins": {
    "x": 47.11341528216442,
    "y": 42.22951730880495
  },
  "Holly Stodgell": {
    "x": -212.02982755106308,
    "y": 380.59793074635144
  },
  "Alison Bell": {
    "x": -395.9434670837479,
    "y": 221.17367396968797
  },
  "Emma Halliwell": {
    "x": -334.97956307584633,
    "y": 137.05361162252592
  },
  "Fiona Eades": {
    "x": -153.4396336269105,
    "y": 915.4932062166679
  },
  "Tom Perry": {
    "x": -349.90756893733294,
    "y": 853.4084560950317
  },
  "Joe Sunley": {
    "x": -171.50038456526522,
    "y": 993.8120881241471
  },
  "Charles LeClerc": {
    "x": 271.99852048956825,
    "y": 812.8613810326599
  },
  "Alasdair Pedley": {
    "x": 495.3602246913762,
    "y": 772.4175302629097
  },
  "Eddie Narbett": {
    "x": -108.18965082218153,
    "y": 695.7151342551924
  },
  "Sasha Cheplin": {
    "x": -325.71134145366585,
    "y": 725.4346753974002
  },
  "Freddie Carcas": {
    "x": 29.499625238694847,
    "y": 701.901086590056
  },
  "Grace Molloy": {
    "x": 98.4735973881583,
    "y": 640.0031375037299
  },
  "Tom Lines": {
    "x": 356.48551787269156,
    "y": 458.1722124494652
  },
  "Roanne Lilley": {
    "x": 68.64820986234874,
    "y": 805.6765700299313
  },
  "Claire Stansfield": {
    "x": 377.2031488660301,
    "y": 704.3319067372206
  },
  "Ellie Bales": {
    "x": 594.2408456359441,
    "y": 33.08337220919006
  },
  "Laura King": {
    "x": 175.55207269823256,
    "y": 782.9233140641566
  },
  "Valerie Ebony": {
    "x": -655.2275544233804,
    "y": 105.34702671641847
  },
  "Natalia Drozd": {
    "x": -777.6971751412544,
    "y": 132.1413171119629
  },
  "Issy Sunley": {
    "x": 831.6845315454347,
    "y": 543.2189214396105
  },
  "Jason Gayman": {
    "x": 892.1961069175888,
    "y": 650.0428673607339
  },
  "Ben Gostick": {
    "x": 971.772613542769,
    "y": 613.7088013836722
  },
  "Vadimir": {
    "x": 815.2714563132349,
    "y": 654.8809143408465
  },
  "Toby Cazzolato": {
    "x": 934.9978833747398,
    "y": 509.5135588106865
  },
  "Liam Edwards": {
    "x": 563.9730139758512,
    "y": 181.78000829287384
  },
  "Ben Goodwin": {
    "x": 588.773837298182,
    "y": 435.9483558568508
  },
  "Alex Matthew": {
    "x": 728.1409261598837,
    "y": 641.3533759445354
  },
  "Evie Conway": {
    "x": 103.43041817960511,
    "y": -337.56622888297204
  },
  "Pete Molloy": {
    "x": 255.34705066469036,
    "y": -406.9884765938957
  },
  "Ben Breeze": {
    "x": 47.667715083290844,
    "y": -485.911071731657
  },
  "Sam Fielding": {
    "x": -35.306503343328195,
    "y": -461.78303753393527
  },
  "Louis MacMillan": {
    "x": 156.19886545465536,
    "y": -472.32460061477957
  },
  "Joe Wright": {
    "x": 487.30504824581294,
    "y": -60.46271864619598
  },
  "Eilidh Campbell": {
    "x": 762.6255346931894,
    "y": -23.143758288982077
  },
  "Kirsty Campbell": {
    "x": 497.85790478241177,
    "y": 301.56799982577814
  },
  "Kat McGougan": {
    "x": 666.0472074994693,
    "y": 228.8057465187347
  },
  "Jenny Blackwood": {
    "x": 598.7737568945404,
    "y": -241.74749505406714
  },
  "Freya Shepherd": {
    "x": 565.5233193015083,
    "y": 544.0452853470631
  },
  "Matt Leitch": {
    "x": 347.8402722605814,
    "y": 251.39321873410097
  },
  "Matt Daly": {
    "x": 651.7220679599859,
    "y": 609.5230655717722
  },
  "Dan Barber": {
    "x": -150.17582835703172,
    "y": 19.306389648465316
  },
  "Thomas Laraia": {
    "x": 791.642268640331,
    "y": 253.92066727481046
  },
  "Blayne Wright": {
    "x": 76.02337016600667,
    "y": -188.63110977526924
  },
  "Rob Sparks": {
    "x": 399.6276291867382,
    "y": 207.9587264204887
  },
  "Tallulah Wright": {
    "x": 448.373638154382,
    "y": 181.40285618805217
  },
  "Ellen Crombie": {
    "x": 307.5459770911367,
    "y": 446.7528058090121
  },
  "Alex Crawshaw": {
    "x": -464.23805272688224,
    "y": 610.3653953186949
  },
  "Herbie Ashworth": {
    "x": -485.53995515820185,
    "y": 764.8989467119692
  },
  "Ben Squire": {
    "x": -560.7454219752207,
    "y": 727.9610748434753
  },
  "Barney SB": {
    "x": -651.2850724724727,
    "y": 725.2208416494616
  },
  "Jakapo": {
    "x": -792.0263296726125,
    "y": 477.5392333803154
  },
  "Finlay Ross": {
    "x": -791.5807421346963,
    "y": 565.4439498984782
  },
  "Euan Tryner": {
    "x": -817.4276484779981,
    "y": 395.1424616112862
  },
  "Conor Gourley": {
    "x": -142.53505015183268,
    "y": 259.00866779524534
  },
  "Flurry": {
    "x": -482.76871195950355,
    "y": -89.02948916524616
  },
  "Hannah Mo": {
    "x": 112.77942636291857,
    "y": 318.56082079582933
  },
  "Rosie Spencer": {
    "x": 35.08703201446548,
    "y": -587.9986228788576
  },
  "Rimicans": {
    "x": 117.89888886941822,
    "y": -666.6299615794065
  },
  "CITPA": {
    "x": -952.6319590495186,
    "y": -161.11498584389392
  },
  "Alice Wilson": {
    "x": 330.6413085045467,
    "y": -455.3260272670238
  },
  "Louis McMillan": {
    "x": 392.3662330646789,
    "y": -503.14506215503275
  },
  "Iris McMillan": {
    "x": -581.59318817056,
    "y": 834.1690912146797
  },
  "Surface News": {
    "x": -270.62550072841793,
    "y": -353.31509883534375
  },
  "Amelie Dryer": {
    "x": -358.88418248457697,
    "y": -309.83584107279466
  },