{
  "Lizzie Stansfield": {
    "x": 379.90688776978084,
    "y": 25.889951237905358
  },
  "Sam Griffin": {
    "x": 574.7511356396064,
    "y": 261.95366120957954
  },
  "Oscar Shepherd": {
    "x": 230.9298874107733,
    "y": -41.226396498398856
  },
  "Alistair Thomas": {
    "x": -8.11964455048394,
    "y": 31.363006824085403
  },
  "Joe Hudd": {
    "x": 185.84689619223934,
    "y": -155.1380528561138
  },
  "Boyan Ivandjikov": {
    "x": 218.24194834783847,
    "y": 275.010470453906
  },
  "Wozzle": {
    "x": 348.35174274483467,
    "y": 344.65481190347924
  },
  "Jim Bailey": {
    "x": 457.03458875555333,
    "y": 188.95316217514414
  },
  "Louis Morris": {
    "x": 435.01296425668073,
    "y": 249.66002349109618
  },
  "Lucy Haines": {
    "x": 281.14299611527747,
    "y": 646.9509008600061
  },
  "Sarah Calvert": {
    "x": -45.045280190423725,
    "y": 393.50037706932517
  },
  "Imogen Pieters": {
    "x": 625.0556218167225,
    "y": 458.4088798538408
  },
  "Pippa Carcas": {
    "x": 591.1246029435857,
    "y": 66.73902041163046
  },
  "Harry Henriksen": {
    "x": 841.3514555341853,
    "y": 305.4217497517172
  },
  "Jess Ensoll": {
    "x": 699.0553522801673,
    "y": 206.92286388208984
  },
  "Lizzie Horsler": {
    "x": 499.45878141629015,
    "y": -178.3838184663516
  },
  "Georgia Leadingham": {
    "x": 114.76955957258303,
    "y": -7.072087248860697
  },
  "Nea Shingler": {
    "x": 517.7144593744421,
    "y": 146.7456360871963
  },
  "Louise Adams": {
    "x": 132.11121325436017,
    "y": 248.52096365722187
  },
  "Izzy Cox": {
    "x": 211.47640418708346,
    "y": 138.19789589874236
  },
  "Jamie Goddard": {
    "x": 778.7099759685125,
    "y": 29.44110333856604
  },
  "Daisy McNamara": {
    "x": 801.5921621175866,
    "y": -17.599585690792146
  },
  "David Bunn": {
    "x": -203.89192230580997,
    "y": 244.08337201792853
  },
  "Alice Goodall": {
    "x": -760.9502064825957,
    "y": 275.23178069414945
  },
  "Grace Pow": {
    "x": 69.86754344112023,
    "y": 393.98128730345934
  },
  "Niamh Carr": {
    "x": -540.7098021329439,
    "y": 94.97089524080225
  },
  "Chloe Cracknell": {
    "x": -149.97079465345354,
    "y": 8.626080636007924
  },
  "Alex Carcas": {
    "x": 60.35377530332178,
    "y": 561.5050188982345
  },
  "Frank Townley": {
    "x": 3.291912439762953,
    "y": 275.32747910027206
  },
  "Finn Lydon": {
    "x": -298.2210525230804,
    "y": 351.2523799685835
  },
  "Felix Wilson": {
    "x": -209.94102139858808,
    "y": 607.0047139416549
  },
  "Dan Spencer": {
    "x": -479.23587621437673,
    "y": 423.7597072508704
  },
  "Niamh Hunter": {
    "x": -319.48868189697475,
    "y": 131.5853358410587
  },
  "Rachael Collins": {
    "x": 335.30180732695345,
    "y": 516.6625137900821
  },
  "Holly Stodgell": {
    "x": -102.86327140026374,
    "y": 342.9773572457019
  },
  "Alison Bell": {
    "x": 362.0301939388263,
    "y": -151.87911398354464
  },
  "Emma Halliwell": {
    "x": 390.1392296034406,
    "y": -256.580459513611
  },
  "Fiona Eades": {
    "x": 119.2225337385792,
    "y": 648.6924224313588
  },
  "Tom Perry": {
    "x": 433.60709239802856,
    "y": 708.599830832573
  },
  "Joe Sunley": {
    "x": 71.95735793495433,
    "y": 686.3114297980495
  },
  "Charles LeClerc": {
    "x": 82.55778925379568,
    "y": 74.4552476571855
  },
  "Alistair Pedley": {
    "x": 8.070936010248715,
    "y": -249.5270764281762
  },
  "Eddie Narbett": {
    "x": -39.283501038232174,
    "y": 507.88264548959967
  },
  "Sasha Cheplin": {
    "x": 385.71599370504435,
    "y": 955.177706232768
  },
  "Freddie Carcas": {
    "x": -119.15499303510592,
    "y": 803.03829425429
  },
  "Grace Molloy": {
    "x": -173.46782206314217,
    "y": 312.99544804425693
  },
  "Tom Lines": {
    "x": -207.44226703091823,
    "y": 452.61243068735035
  },
  "Roanne Lilley": {
    "x": -91.17933115277891,
    "y": 708.1208783833029
  },
  "Claire Stansfield": {
    "x": -345.9325420149672,
    "y": 725.1859646788294
  },
  "Ellie Bales": {
    "x": -295.20532065289586,
    "y": 458.49251071732687
  },
  "Laura King": {
    "x": 15.369960658871847,
    "y": 718.5739634254401
  },
  "Pedley": {
    "x": -612.2592049600115,
    "y": 645.273151417786
  },
  "Valerie Ebony": {
    "x": 668.1990625012456,
    "y": 264.7192798771223
  },
  "Natalia Drozd": {
    "x": 663.0680411495632,
    "y": 307.18334914556095
  },
  "Easy Sunley": {
    "x": -481.3546033991381,
    "y": 809.2978563005815
  },
  "Jason Gayman": {
    "x": -400.1937796786204,
    "y": 883.6248122812751
  },
  "Lamine Yamal": {
    "x": -468.76973416791725,
    "y": 882.0135991384778
  },
  "Vadimir": {
    "x": -535.7301277749866,
    "y": 880.8987037877122
  },
  "Toby Caz": {
    "x": -610.6030725847955,
    "y": 860.2770652784849
  },
  "Liam Edwards": {
    "x": -277.50094569754407,
    "y": 747.5291558723325
  },
  "Ben Goodwin": {
    "x": -451.34033952017757,
    "y": 560.2550704683517
  },
  "Fridge Restock": {
    "x": -652.5212211864343,
    "y": 792.1240237382143
  },
  "Evie Conway": {
    "x": -248.53379551558442,
    "y": -390.6320788471771
  },
  "Pete Molloy": {
    "x": -92.88251555013403,
    "y": -503.0296134976756
  },
  "Ben Breeze": {
    "x": -420.2807121777553,
    "y": -563.107009435745
  },
  "Sam Fielding": {
    "x": -193.79085999120082,
    "y": -528.7055568558068
  },
  "Louis MacMillan": {
    "x": -296.71259483037284,
    "y": -530.5452075249842
  },
  "Joe Wright": {
    "x": -536.2864196380988,
    "y": -132.09566916430873
  },
  "Eilidh Campbell": {
    "x": -811.3293533267506,
    "y": -104.88077999950957
  },
  "Kirsty Campbell": {
    "x": -260.9669695876323,
    "y": -56.92527569355595
  },
  "Kat McGougan": {
    "x": -681.0410317872427,
    "y": 149.54557728920415
  },
  "Jenny Blackwood": {
    "x": -732.7870767051397,
    "y": -267.71627808040085
  },
  "Freya Shepherd": {
    "x": -605.28161539683,
    "y": 395.3748987851446
  },
  "Matt Leitch": {
    "x": -440.54453750250866,
    "y": 24.932505048178314
  },
  "Matt Daly": {
    "x": -681.6171965063851,
    "y": 518.3721716816004
  },
  "Dan Barber": {
    "x": 465.78877174484126,
    "y": -41.06343357767301
  },
  "Laraia": {
    "x": -856.5313150364169,
    "y": 140.25908398327186
  },
  "Blayne": {
    "x": -118.5120314056633,
    "y": -118.81916591393536
  },
  "Ali T": {
    "x": -35.59659899464168,
    "y": 159.5082940781446
  },
  "Rob Sparks": {
    "x": -571.5535098706198,
    "y": 171.29363864559187
  },
  "Tallulah Wright": {
    "x": -343.260897592899,
    "y": 499.1259832229721
  },
  "Ellen Crombie": {
    "x": -708.4922646504812,
    "y": 321.66449346081816
  },
  "Alex Crawshaw": {
    "x": 477.6779067828461,
    "y": 509.6728542365509
  },
  "Herbie Ashworth": {
    "x": 656.7332345036184,
    "y": 699.32842112585
  },
  "Ben Squire": {
    "x": 521.8251080785806,
    "y": 629.3126673882088
  },
  "Barney SB": {
    "x": 614.8567608713721,
    "y": 562.4334099926515
  },
  "Jakapo": {
    "x": 673.7233908024225,
    "y": 535.4431965636138
  },
  "Finlay Ross": {
    "x": 882.1231102397056,
    "y": 500.1025273731518
  },
  "Euan Tryner": {
    "x": 825.891005408797,
    "y": 542.5985648051479
  },
  "Conor Gourley": {
    "x": 463.58188416102286,
    "y": 341.833385271906
  },
  "Flurry": {
    "x": 650.25890160347,
    "y": 65.4804697954709
  },
  "Hannah Mo": {
    "x": 241.02970228361968,
    "y": 415.2614566443593
  },
  "Rosie Spencer": {
    "x": -400.5541869169298,
    "y": -627.6319456435153
  },
  "Gay Barber": {
    "x": -371.15223597116403,
    "y": -680.8234150404343
  },
  "Rimicans": {
    "x": -326.67949649370394,
    "y": -598.5705124062426
  },
  "CITPA": {
    "x": 841.621929249613,
    "y": -76.01821639950977
  },
  "Peter Molloy": {
    "x": -1009.8711364306068,
    "y": -122.01446673133916
  },
  "Alice Wilson": {
    "x": -1071.9507593375554,
    "y": -113.13110861013726
  },
  "Louis McMillan": {
    "x": -1143.2851226019727,