{
  "Lizzie Stansfield": {
    "x": 309.5444174947046,
    "y": 53.14156445490991
  },
  "Sam Griffin": {
    "x": 529.3669181965079,
    "y": 250.80666043408164
  },
  "Oscar Shepherd": {
    "x": 251.63146027955514,
    "y": -46.00368254504082
  },
  "Alistair Thomas": {
    "x": -8.11964455048394,
    "y": 31.363006824085403
  },
  "Joe Hudd": {
    "x": 185.84689619223934,
    "y": -155.1380528561138
  },
  "Boyan Ivandjikov": {
    "x": 272.384523543114,
    "y": 256.69754060844514
  },
  "Wozzle": {
    "x": 361.57204052085785,
    "y": 361.73102986417587
  },
  "Jim Bailey": {
    "x": 431.5557298401295,
    "y": 125.25601488658461
  },
  "Louis Morris": {
    "x": 377.68553169697714,
    "y": 233.73573666895618
  },
  "Lucy Haines": {
    "x": 281.14299611527747,
    "y": 646.9509008600061
  },
  "Sarah Calvert": {
    "x": -41.06420848488875,
    "y": 385.5382336582552
  },
  "Imogen Pieters": {
    "x": 752.2317980120147,
    "y": 475.6287249119559
  },
  "Pippa Carcas": {
    "x": 547.332814182701,
    "y": 69.12766343495144
  },
  "Harry Henriksen": {
    "x": 945.6928156605204,
    "y": 303.50722938242666
  },
  "Jess Ensoll": {
    "x": 699.0553522801673,
    "y": 206.92286388208984
  },
  "Lizzie Horsler": {
    "x": 499.45878141629015,
    "y": -178.3838184663516
  },
  "Georgia Leadingham": {
    "x": 114.76955957258303,
    "y": -7.072087248860697
  },
  "Nea Shingler": {
    "x": 631.7395276926421,
    "y": -75.79604314252748
  },
  "Louise Adams": {
    "x": 109.81721170336434,
    "y": 233.39289117618895
  },
  "Izzy Cox": {
    "x": 225.01204798590237,
    "y": 132.6243955109934
  },
  "Jamie Goddard": {
    "x": 1363.3443655141673,
    "y": -200.48949709894657
  },
  "Daisy McNamara": {
    "x": 1198.9092634460112,
    "y": -174.00249671962916
  },
  "David Bunn": {
    "x": -256.21063950005936,
    "y": 231.50038940159007
  },
  "Alice Goodall": {
    "x": -709.992488651748,
    "y": 226.6627058866228
  },
  "Grace Pow": {
    "x": 69.86754344112023,
    "y": 393.98128730345934
  },
  "Niamh Carr": {
    "x": -540.7098021329439,
    "y": 94.97089524080225
  },
  "Chloe Cracknell": {
    "x": -124.04777358415748,
    "y": -8.094420527238952
  },
  "Alex Carcas": {
    "x": 60.35377530332178,
    "y": 561.5050188982345
  },
  "Frank Townley": {
    "x": 3.291912439762953,
    "y": 275.32747910027206
  },
  "Finn Lydon": {
    "x": -298.2210525230804,
    "y": 351.2523799685835
  },
  "Felix Wilson": {
    "x": -173.31516170766633,
    "y": 573.5637116151612
  },
  "Dan Spencer": {
    "x": -432.06814401947054,
    "y": 386.4903530081176
  },
  "Niamh Hunter": {
    "x": -319.48868189697475,
    "y": 131.5853358410587
  },
  "Rachael Collins": {
    "x": 335.30180732695345,
    "y": 516.6625137900821
  },
  "Holly Stodgell": {
    "x": 171.83067628164926,
    "y": 327.053070423562
  },
  "Alison Bell": {
    "x": 362.0301939388263,
    "y": -151.87911398354464
  },
  "Emma Halliwell": {
    "x": 439.16450052285995,
    "y": -381.0715969044961
  },
  "Fiona Eades": {
    "x": 158.33258132598107,
    "y": 678.4380924274109
  },
  "Tom Perry": {
    "x": 433.60709239802856,
    "y": 708.599830832573
  },
  "Joe Sunley": {
    "x": 162.61502419651123,
    "y": 861.7154790315521
  },
  "Charles LeClerc": {
    "x": 91.92216684514544,
    "y": 103.09922617190242
  },
  "Alistair Pedley": {
    "x": 8.070936010248715,
    "y": -249.5270764281762
  },
  "Eddie Narbett": {
    "x": -39.283501038232174,
    "y": 507.88264548959967
  },
  "Sasha Cheplin": {
    "x": 385.71599370504435,
    "y": 955.177706232768
  },
  "Freddie Carcas": {
    "x": -36.7389594464143,
    "y": 856.1244831841681
  },
  "Grace Molloy": {
    "x": -144.99054561563932,
    "y": 292.4653185123363
  },
  "Tom Lines": {
    "x": -207.44226703091823,
    "y": 452.61243068735035
  },
  "Roanne Lilley": {
    "x": -103.29793744746684,
    "y": 683.883665793927
  },
  "Claire Stansfield": {
    "x": -329.21204085172036,
    "y": 744.2951088653972
  },
  "Ellie Bailes": {
    "x": -308.18141657324463,
    "y": 21.691980063778885
  },
  "Laura King": {
    "x": 15.369960658871847,
    "y": 718.5739634254401
  },
  "Pedley": {
    "x": -612.2592049600115,
    "y": 645.273151417786
  },
  "Valerie Ebony": {
    "x": 806.8709806053919,
    "y": 330.8207687572383
  },
  "Natalia Drozd": {
    "x": 713.335846285965,
    "y": 71.22677051198214
  },
  "Easy Sunley": {
    "x": -481.3546033991381,
    "y": 809.2978563005815
  },
  "Jason Gayman": {
    "x": -400.1937796786204,
    "y": 883.6248122812751
  },
  "Lamine Yamal": {
    "x": -468.76973416791725,
    "y": 882.0135991384778
  },
  "Vadimir": {
    "x": -535.7301277749866,
    "y": 880.8987037877122
  },
  "Toby Caz": {
    "x": -610.6030725847955,
    "y": 860.2770652784849
  },
  "Liam Edwards": {
    "x": -205.04544065680767,
    "y": 788.1360872687892
  },
  "Ben Goodwin": {
    "x": -409.22089139578543,
    "y": 275.94879562870466
  },
  "Fridge Restock": {
    "x": -652.5212211864343,
    "y": 792.1240237382143
  },
  "Evie Conway": {
    "x": -248.53379551558442,
    "y": -390.6320788471771
  },
  "Pete Molloy": {
    "x": -65.34022851675238,
    "y": -524.5125973837132
  },
  "Ben Breeze": {
    "x": -454.4331480991485,
    "y": -577.9798444337711
  },
  "Sam Fielding": {
    "x": -207.56200350789163,
    "y": -556.7986896298561
  },
  "Louis MacMillan": {
    "x": -336.6186259258661,
    "y": -661.6798187551587
  },
  "Joe Wright": {
    "x": -536.2864196380988,
    "y": -132.09566916430873
  },
  "Eilidh Campbell": {
    "x": -811.3293533267506,
    "y": -104.88077999950957
  },
  "Kirsty Campbell": {
    "x": -270.52154168091624,
    "y": -99.92085011333364
  },
  "Kat McGougan": {
    "x": -668.5966493868541,
    "y": 62.434900486484
  },
  "Jenny Blackwood": {
    "x": -678.8242609734626,
    "y": -404.69881032235025
  },
  "Freya Shepherd": {
    "x": -579.9427113261189,
    "y": 361.77330860441896
  },
  "Matt Leitch": {
    "x": -440.54453750250866,
    "y": 24.932505048178314
  },
  "Matt Daly": {
    "x": -681.6171965063851,
    "y": 518.3721716816004
  },
  "Dan Barber": {
    "x": 465.78877174484126,
    "y": -41.06343357767301
  },
  "Laraia": {
    "x": -856.5313150364169,
    "y": 140.25908398327186
  },
  "Blayne": {
    "x": -118.5120314056633,
    "y": -118.81916591393536
  },
  "Ali T": {
    "x": -35.59659899464168,
    "y": 159.5082940781446
  },
  "Rob Sparks": {
    "x": -550.0193539346027,
    "y": 236.35427998419658
  },
  "Tallulah Wright": {
    "x": -443.77321698065305,
    "y": 520.1857072851682
  },
  "Ellen Crombie": {
    "x": -699.1278870591315,
    "y": 375.09653030557854
  },
  "Alex Crawshaw": {
    "x": 477.6779067828461,
    "y": 509.6728542365509
  },
  "Herbie Ashworth": {
    "x": 656.7332345036184,
    "y": 699.32842112585
  },
  "Ben Squire": {
    "x": 571.4947763009693,
    "y": 828.6536025207284
  },
  "Barney SB": {
    "x": 614.8567608713721,
    "y": 562.4334099926515
  },
  "Jakapo": {
    "x": 866.8853124067082,
    "y": 770.4020129391837
  },
  "Finlay Ross": {
    "x": 1036.2419999675953,
    "y": 561.3671791904495
  },
  "Euan Tryner": {
    "x": 884.2838766721588,
    "y": 600.9914360685099
  },
  "Conor Gourley": {
    "x": 492.77670841640736,
    "y": 380.39258711864034
  },
  "Flurry": {
    "x": 814.4109323224246,
    "y": -63.41743352075525
  },
  "Hannah Mo": {
    "x": 241.02970228361968,
    "y": 415.2614566443593
  },
  "Rosie Spencer": {
    "x": -193.7859870335501,
    "y": -775.0500140788879
  },
  "Gay Barber": {
    "x": -307.4021499114515,
    "y": -936.5631269510486
  },
  "Rimicans": {
    "x": 20.718866689068975,
    "y": -821.306427455348
  },
  "Daisy Mcnamara": {
    "x": 1101.2579853818452,
    "y": -468.8397187424308
  },
  "CITPA": {
    "x": 913.9138957549418,
    "y": -590.5002294440932
  },
  "Peter Molloy": {
    "x": -1009.8711364306068,
    "y": -122.01446673133916
  },
  "Alice Wilson": {
    "x": -1196.4803341029638,