{
  "Lizzie Stansfield": {
    "x": -305.70149242568914,
    "y": 32.56874005686953
  },
  "Sam Griffin": {
    "x": -574.0588521605536,
    "y": 296.13938084695667
  },
  "Oscar Shepherd": {
    "x": -345.47229596440144,
    "y": 231.1302923883886
  },
  "Alistair Thomas": {
    "x": 4.841382732580065,
    "y": 327.651004420823
  },
  "Joe Hudd": {
    "x": -174.51158357635285,
    "y": -78.29260613752678
  },
  "Boyan Ivandjikov": {
    "x": -499.00860433779377,
    "y": 282.4485953636369
  },
  "Alex Wetherill": {
    "x": -106.12991573892667,
    "y": 66.9191279581811
  },
  "Jim Bailey": {
    "x": -194.57044406834143,
    "y": 325.94166581614456
  },
  "Louis Morris": {
    "x": -312.2348866790753,
    "y": 522.1167804671245
  },
  "Lucy Haines": {
    "x": -312.2194506452293,
    "y": 611.325264800976
  },
  "Sarah Calvert": {
    "x": -46.77982835535753,
    "y": 553.5257188809741
  },
  "Imogen Pieters": {
    "x": -672.4290711287439,
    "y": 344.01284731178777
  },
  "Pippa Carcas": {
    "x": -453.0469338589107,
    "y": -20.553837050221773
  },
  "Harry Henriksen": {
    "x": -774.7124815871504,
    "y": 491.9735416637366
  },
  "Jess Ensoll": {
    "x": -584.3184235408829,
    "y": 438.87087639253133
  },
  "Lizzie Horsler": {
    "x": -509.1309018466068,
    "y": -176.39584494986627
  },
  "Georgia Leadingham": {
    "x": -134.60061501417556,
    "y": 353.4878141839473
  },
  "Nea Shingler": {
    "x": -123.25631706721903,
    "y": 307.5896996338075
  },
  "Louise Adams": {
    "x": -98.05395404874355,
    "y": 485.2409211475615
  },
  "Izzy Cox": {
    "x": -148.1274985117937,
    "y": 113.3709476470628
  },
  "Jamie Goddard": {
    "x": -12.64053483732513,
    "y": -119.5836414502004
  },
  "Daisy McNamara": {
    "x": -88.58837912491911,
    "y": -67.86445921994937
  },
  "David Bunn": {
    "x": 244.85750216532688,
    "y": 346.2643913423322
  },
  "Alice Goodall": {
    "x": 637.0051034283771,
    "y": 344.8031537550602
  },
  "Grace Pow": {
    "x": -1.551042602957693,
    "y": 234.30712941311674
  },
  "Niamh Carr": {
    "x": 390.5425381601187,
    "y": 69.82514504222559
  },
  "Chloe Cracknell": {
    "x": 106.3065457016325,
    "y": 185.00129017078365
  },
  "Alex Carcas": {
    "x": -16.776911140543735,
    "y": 877.3099456701169
  },
  "Frank Townley": {
    "x": 5.589667210684098,
    "y": 495.61845757236256
  },
  "Finn Lydon": {
    "x": 214.05299112656024,
    "y": 467.2566453207222
  },
  "Felix Wilson": {
    "x": 9.600077565914452,
    "y": 598.6178426370069
  },
  "Dan Spencer": {
    "x": 429.435301155463,
    "y": 593.7574127255593
  },
  "Niamh Hunter": {
    "x": 215.5030988034617,
    "y": 157.5243630565845
  },
  "Rachael Collins": {
    "x": -89.26584986674175,
    "y": 127.9700679720413
  },
  "Holly Stodgell": {
    "x": -212.02982755106308,
    "y": 380.59793074635144
  },
  "Alisson Bell": {
    "x": -281.99583412040386,
    "y": 186.91454826411703
  },
  "Emma Halliwell": {
    "x": -353.6242558712837,
    "y": 137.86654064686064
  },
  "Fiona Eades": {
    "x": -114.27296696024383,
    "y": 846.3265395500013
  },
  "Tom Perry": {
    "x": -281.57423560399957,
    "y": 825.0751227616984
  },
  "Joe Sunley": {
    "x": -212.33371789859856,
    "y": 892.9787547908138
  },
  "Charlotte Claire": {
    "x": 118.12486577553454,
    "y": 531.0714090168511
  },
  "Alasdair Pedley": {
    "x": 468.69355802470955,
    "y": 699.9175302629097
  },
  "Eddie Narbett": {
    "x": -129.02298415551488,
    "y": 695.7151342551924
  },
  "Sasha Chepelin": {
    "x": 39.769054647810734,
    "y": 631.4480899360527
  },
  "Freddie Carcas": {
    "x": 29.499625238694847,
    "y": 701.901086590056
  },
  "Grace Molloy": {
    "x": 98.4735973881583,
    "y": 640.0031375037299
  },
  "Tom Lines": {
    "x": 353.98551787269156,
    "y": 461.5055457827985
  },
  "Roanne Lilley": {
    "x": 68.64820986234874,
    "y": 805.6765700299313
  },
  "Claire Stansfield": {
    "x": 298.5782545615852,
    "y": 674.1276195963301
  },
  "Ellie Bales": {
    "x": 550.9075123026108,
    "y": 114.25003887585673
  },
  "Laura King": {
    "x": 175.55207269823256,
    "y": 782.9233140641566
  },
  "Dan O'Riordan": {
    "x": 76.70875002122548,
    "y": -14.239723196888349
  },
  "Maja Thomson": {
    "x": 122,
    "y": -13
  },
  "Euan Patton": {
    "x": 138,
    "y": 35
  },
  "Issy Sunley": {
    "x": 831.6845315454347,
    "y": 543.2189214396105
  },
  "Jason Gayman": {
    "x": 893.0294402509223,
    "y": 661.7095340274008
  },
  "Ben Gostick": {
    "x": 971.772613542769,
    "y": 613.7088013836722
  },
  "Vladimir": {
    "x": 855.1037468830151,
    "y": 477.039708052503
  },
  "Toby Cazzolato": {
    "x": 934.9978833747398,
    "y": 509.5135588106865
  },
  "Liam Edwards": {
    "x": 578.139680642518,
    "y": 181.78000829287384
  },
  "Ben Goodwin": {
    "x": 697.9405039648486,
    "y": 510.1150225235175
  },
  "Alex Matthew": {
    "x": 761.474259493217,
    "y": 628.0200426112021
  },
  "Evie Conway": {
    "x": 86.76375151293846,
    "y": -309.2328955496387
  },
  "Pete Molloy": {
    "x": 458.6709666246397,
    "y": -308.48376790720374
  },
  "Ben Breeze": {
    "x": 2.7524714437466002,
    "y": -422.6562165098568
  },
  "Sam Fielding": {
    "x": -12.992004756762809,
    "y": -319.1239256082055
  },
  "Louis MacMillan": {
    "x": 279.365532121322,
    "y": -244.15793394811288
  },
  "Joe Wright": {
    "x": 487.30504824581294,
    "y": -60.46271864619598
  },
  "Heidi Robertshaw": {
    "x": 89.65359025373446,
    "y": -72.12593123961396
  },
  "Kirsty Campbell": {
    "x": 541.5245714490785,
    "y": 287.56799982577814
  },
  "Kat McGougan": {
    "x": 666.0472074994693,
    "y": 228.8057465187347
  },
  "Jenny Blackwood": {
    "x": 544.8221202534744,
    "y": -92.61879095115283
  },
  "Freya Shepherd": {
    "x": 565.5233193015083,
    "y": 544.0452853470631
  },
  "Matt Leitch": {
    "x": 341.8402722605814,
    "y": 249.39321873410097
  },
  "Matt Daly": {
    "x": 651.7220679599859,
    "y": 609.5230655717722
  },
  "Dan Barber": {
    "x": -240.17582835703172,
    "y": -168.6936103515347
  },
  "Thomas Laraia": {
    "x": 774.1250034557938,
    "y": 279.76498754375854
  },
  "Blayne Wright": {
    "x": 76.02337016600667,
    "y": -188.63110977526924
  },
  "Rob Sparks": {
    "x": 386.94441476265393,
    "y": 205.03183078416154
  },
  "Tallulah Wright": {
    "x": 448.373638154382,
    "y": 181.40285618805217
  },
  "Ellen Crombie": {
    "x": 406.647015214332,
    "y": 271.15647637250885
  },
  "Alex Crawshaw": {
    "x": -464.23805272688224,
    "y": 610.3653953186949
  },
  "Herbie Ashworth": {
    "x": -485.53995515820185,
    "y": 764.8989467119692
  },
  "Ben Squire": {
    "x": -560.7454219752207,
    "y": 727.9610748434753
  },
  "Barney Stevenson-Barnes": {
    "x": -374.03776997064585,
    "y": 642.6242014973096
  },
  "Jakapo": {
    "x": -794.5216209859205,
    "y": 419.31576940312846
  },
  "Finlay Ross": {
    "x": -803.2254349301336,
    "y": 309.2607083988555
  },
  "Euan Tryner": {
    "x": -795.8017904293287,
    "y": 370.2146614738967
  },
  "Conor Gourley": {
    "x": -139.76772626815693,
    "y": 273.53711818454303
  },
  "Flurry": {
    "x": -482.76871195950355,
    "y": -89.02948916524616
  },
  "Hannah Mo": {
    "x": 20.453647770522096,
    "y": 285.2902699517225
  },
  "Rosie Spencer": {
    "x": -151.22805271253281,
    "y": -343.46007417467234
  },
  "Rimicans": {
    "x": -91.70558144845486,
    "y": -476.98782176799756
  },
  "Andrew Bunting": {
    "x": -20.02465245346825,
    "y": -18.949702102972786
  },
  "Alice Wilson": {
    "x": 384.1413085045467,
    "y": -240.8260272670238
  },
  "Iris McMillan": {
    "x": -581.59318817056,
    "y": 834.1690912146797
  },
  "Luca Messenger-Jones": {
    "x": -419.65129217033126,
    "y": -300.463058577966
  },
  "Amelie Dryer": {
    "x": -378.0147492199385,
    "y": -248.285322011197
  },
  "Saskia Chaplin": {
    "x": -973.5996183268461,