{
  "Lizzie Stansfield": {
    "x": 324.49698880963734,
    "y": 245.48271953738208
  },
  "Sam Griffin": {
    "x": 174.42096616809442,
    "y": 39.841587729820276
  },
  "Oscar Shepherd": {
    "x": 341.9537687992175,
    "y": 52.72043078856748
  },
  "Alistair Thomas": {
    "x": 508.1820204406177,
    "y": 135.11359532460432
  },
  "Joe Hudd": {
    "x": 191.3193956747404,
    "y": 216.6960702014718
  },
  "Boyan Ivandjikov": {
    "x": 419.73106718372486,
    "y": 136.10492924869789
  },
  "Wozzle": {
    "x": -33.333333333333336,
    "y": -0.6666666666666596
  },
  "Jim Bailey": {
    "x": 280.031662710759,
    "y": 342.43870889652646
  },
  "Louis Morris": {
    "x": 153.4031363300908,
    "y": 272.15826085751644
  },
  "Lucy Haines": {
    "x": 329.175631034591,
    "y": -5.321943165040466
  },
  "Sarah Calvert": {
    "x": 72.35098981644552,
    "y": 171.30300373247266
  },
  "Imogen Pieters": {
    "x": 167.3322644421342,
    "y": -30.25
  },
  "Pippa Carcas": {
    "x": 299.6432610739147,
    "y": 143.30468788767297
  },
  "Harry Henriksen": {
    "x": -101.33333333333334,
    "y": -25.333333333333343
  },
  "Jess Ensoll": {
    "x": 101.9845127716834,
    "y": 144.09624648368276
  },
  "Lizzie Horsler": {
    "x": 146.19521439721245,
    "y": 162.24008224117546
  },
  "Georgia Leadingham": {
    "x": 455.33333333333337,
    "y": 379.33333333333326
  },
  "Nea Shingler": {
    "x": 240.88400508870984,
    "y": 409.40557065839835
  },
  "Louise Adams": {
    "x": 393.9034943820518,
    "y": 341.6640537813612
  },
  "Izzy Cox": {
    "x": 202.20313813750988,
    "y": 348.69153540948037
  },
  "Jamie Goddard": {
    "x": 49.53771996866857,
    "y": 428.1990487209925
  },
  "Daisy McNamara": {
    "x": 96.715474474941,
    "y": 441.90557065839835
  },
  "David Bunn": {
    "x": 535.4272467385747,
    "y": 316.68951517094354
  },
  "Alice Goodall": {
    "x": 624.0388765604249,
    "y": 243.75475383872254
  },
  "Grace Pow": {
    "x": 555.4372310023412,
    "y": 194.55451251224477
  },
  "Niamh Carr": {
    "x": 589.8294003761546,
    "y": 407.43053604758256
  },
  "Chloe Cracknell": {
    "x": 293.5324166246492,
    "y": 56.00795676483446
  },
  "Alex Carcas": {
    "x": 393.8477649544031,
    "y": 389.92838328781744
  },
  "Frank Townley": {
    "x": 76.75153938319667,
    "y": 268.81683284646454
  },
  "Finn Lydon": {
    "x": 17.75,
    "y": 70.75860860685373
  },
  "Felix Wilson": {
    "x": -93.41197849123785,
    "y": 271.67915742084074
  },
  "Dan Spencer": {
    "x": -194,
    "y": 410
  },
  "Niamh Hunter": {
    "x": -33.99820217615704,
    "y": 294.4461389814368
  },
  "Rachael Collins": {
    "x": 21.807785304546456,
    "y": 345.073590208229
  },
  "Holly Stodgell": {
    "x": -24.666666666666664,
    "y": 375.99999999999994
  },
  "Alison Bell": {
    "x": 430.12350350593,
    "y": 89.49699086916225
  },
  "Emma Halliwell": {
    "x": 104,
    "y": 379.99999999999994
  },
  "Fiona Eades": {
    "x": 6,
    "y": 172
  },
  "Tom Perry": {
    "x": -28,
    "y": 107
  },
  "Joe Sunley": {
    "x": -80.5,
    "y": 158.5
  },
  "Charles LeClerc": {
    "x": -102.00000000000001,
    "y": 352.6666666666667
  },
  "Alistair Pedley": {
    "x": -77,
    "y": 210
  },
  "Eddie Narbett": {
    "x": 592,
    "y": 127
  },
  "Sasha Cheplin": {
    "x": 263,
    "y": -30.500000000000004
  },
  "Freddie Carcas": {
    "x": 337.6666666666667,
    "y": -99.16666666666667
  },
  "Grace Molloy": {
    "x": -374.66666666666674,
    "y": 316
  },
  "Tom Lines": {
    "x": 546,
    "y": 21
  },
  "Roanne Lilley": {
    "x": 662,
    "y": 168
  },
  "Claire Stansfield": {
    "x": 575.5,
    "y": -22.5
  },
  "Ellie Bailes": {
    "x": 448.1666666666667,
    "y": -1.5000000000000036
  },
  "Laura King": {
    "x": 409,
    "y": -40.166666666666664
  },
  "Pedley": {
    "x": -300,
    "y": 343.3333333333333
  },
  "Valerie Ebony": {
    "x": 80.40383120659153,
    "y": 16.080766241318305
  },
  "Natalia Drozd": {
    "x": 94.82106990570448,
    "y": -41.03367937439844
  },
  "Easy Sunley": {
    "x": -386,
    "y": 252
  },
  "Jason Gayman": {
    "x": -221.3333333333333,
    "y": 334
  },
  "Lamine Yamal": {
    "x": -423.3333333333333,
    "y": 160
  },
  "Vadimir": {
    "x": -440.6666666666667,
    "y": 128.66666666666663
  },
  "Toby Caz": {
    "x": -223.3333333333334,
    "y": -16.666666666666657
  },
  "Liam Edwards": {
    "x": 660,
    "y": -126.66666666666667
  },
  "Ben Goodwin": {
    "x": 560.6666666666666,
    "y": -270.00000000000006
  },
  "Fridge Restock": {
    "x": 644.6666666666665,
    "y": -202.66666666666669
  },
  "Evie Conway": {
    "x": 574.6666666666666,
    "y": -205.33333333333334
  },
  "Pete Molloy": {
    "x": 610,
    "y": -154.66666666666666
  },
  "Ben Breeze": {
    "x": 538.6666666666667,
    "y": -76
  },
  "Sam Fielding": {
    "x": 484.66666666666663,
    "y": -217.33333333333331
  },
  "Louis MacMillan": {
    "x": 380,
    "y": -255.33333333333334
  },
  "Joe Wright": {
    "x": 125.99999999999999,
    "y": -280
  },
  "Eilidh Campbell": {
    "x": -39.333333333333336,
    "y": -278
  },
  "Kirsty Campbell": {
    "x": -125.33333333333333,
    "y": -280
  },
  "Kat McGougan": {
    "x": -202.66666666666666,
    "y": -284.66666666666663
  },
  "Jenny Blackwood": {
    "x": 276.6666666666667,
    "y": -252.66666666666666
  },
  "Freya Shepherd": {
    "x": -412,
    "y": -116.66666666666666
  },
  "Matt Leitch": {
    "x": -422,
    "y": 0.6666666666666643
  },
  "Matt Daly": {
    "x": -334.6666666666667,
    "y": 272
  },
  "Dan Barber": {
    "x": -377.3333333333333,
    "y": 205.33333333333331
  },
  "Laraia": {
    "x": -413.3333333333333,
    "y": 59.333333333333336
  },
  "Blayne": {
    "x": -191.33333333333331,
    "y": 300
  },
  "Ali T": {
    "x": -263.33333333333337,
    "y": 255.33333333333337
  },
  "Rob Sparks": {
    "x": -366,
    "y": -152.66666666666666
  },
  "Tallulah Wright": {
    "x": 476,
    "y": -135.33333333333331
  },
  "Ellen Crombie": {
    "x": 398,
    "y": -195.33333333333334
  },
  "Alex Crawshaw": {
    "x": 272.66666666666674,
    "y": -102.66666666666667
  },
  "Herbie Ashworth": {
    "x": 247.33333333333331,
    "y": -178.66666666666669
  },
  "Ben Squire": {
    "x": -330.6666666666667,
    "y": -194
  },
  "Barney SB": {
    "x": -279.47262709049744,
    "y": 160.80766241318307
  },
  "Jakapo": {
    "x": -319.95179728416076,
    "y": 104.80223515893655
  },
  "Finlay Ross": {
    "x": -312.74317793460426,
    "y": 212.93152540228377
  },
  "Euan Tryner": {
    "x": -357.1039123934134,
    "y": 153.5990430636266
  },
  "Conor Gourley": {
    "x": -242.32051198124483,
    "y": -163.02569913612354
  },
  "Flurry": {
    "x": -290.56281070519975,
    "y": -141.9543502681892
  },
  "Hannah Mo": {
    "x": -351.5588205860623,
    "y": -85.94892301394266
  },
  "Rosie Spencer": {
    "x": -375.4027153576722,
    "y": -42.69720691660378
  },
  "Gay Barber": {
    "x": -358.21293075488364,
    "y": 27.170949856020588
  },
  "Rimicans": {
    "x": -357.1039123934134,
    "y": 73.74972103777016
  },
  "Daisy Mcnamara": {
    "x": -451.3487641013968,
    "y": -47.76940677921426
  },
  "CITPA": {
    "x": -275.5910628253517,
    "y": -11.090183614702276
  },
  "Peter Molloy": {
    "x": -226.23974573992655,
    "y": -199.62330506464107
  },
  "Alice Wilson": {
    "x": 192.96919489581967,
    "y": -256.1832414996227
  },
  "Louis McMillan": {
    "x": 402.5736652136928,
    "y": -154.70806142509682
  },
  "Iris McMillan": {
    "x": 324.9423799107768,
    "y": -205.1683968719922
  },
  "Surface News": {
    "x": 68.20462923041902,
    "y": -251.19265887300662
  },
  "Amelie Dryer": {
    "x": 13.862729518377844,
    "y": -252.85618641521197
  },
  "Saskia Chaplin": {
    "x": -248.42011296933106,
    "y": -69.86815677262437
  },
  "Fredie Fearn": {
    "x": -130.30965747275184,
    "y": -215.70407130595936
  },
  "Finlay RD": {
    "x": -85.94892301394268,